{
    "difficulty": 0.25891029834747314,
    "past_score": 0.19336570799350739,
    "remaining_gap": 0.3299115002155304,
    "hours_spent": 0.00929114781320095,
    "revision_count": 0.008262046612799168,
    "days_to_exam": 0.00831004697829485,
    "confidence": 0.009899561293423176,
    "predicted_minutes": 0.18204978108406067
}