{
    "difficulty": 0.35066649317741394,
    "past_score": 0.03300531953573227,
    "hours_spent": 0.21269863843917847,
    "revision_count": 0.03167600557208061,
    "days_to_exam": 0.3500191569328308,
    "confidence": 0.02193436026573181
}