{
    "difficulty": 0.3409128785133362,
    "past_score": 0.14696097373962402,
    "remaining_gap": 0.24691557884216309,
    "hours_spent": 0.015184193849563599,
    "revision_count": 0.013985337689518929,
    "days_to_exam": 0.014246786944568157,
    "confidence": 0.012253168039023876,
    "predicted_minutes": 0.20954108238220215
}